Order ID,Stock ID,Action,Quantity,Price,Currency,Total Value,Timestamp,Status
17,EGLN.L,BUY,56,68.7400,EUR,3849.44,10/11/2025 15:04:51,Submitted,FILLED
18,EGLN.L,BUY,8,68.6300,EUR,549.04,10/11/2025 15:09:53,Submitted,FILLED
19,ARM,BUY,6,152.5000,USD,915.00,10/11/2025 15:30:02,Submitted,FILLED
20,ORCL,BUY,4,243.8100,USD,975.24,10/11/2025 15:31:29,Submitted,FILLED
21,EGLN.L,BUY,8,69.2500,EUR,554.00,11/11/2025 15:28:47,Submitted,FILLED
22,ARM,BUY,9,147.8518,USD,1330.67,11/11/2025 16:31:43,Submitted,FILLED
23,AMZN,BUY,4,237.9100,USD,951.64,13/11/2025 19:32:05,Submitted,FILLED
24,TSLA,BUY,5,397.4400,USD,1987.20,13/11/2025 20:04:38,Submitted,FILLED
33,ESE.PA,BUY,169,29.1435,EUR,4925.25,14/11/2025 11:00:36,Submitted,FILLED
34,ESE.PA,BUY,14,29.1309,EUR,407.83,14/11/2025 11:05:38,Submitted,FILLED
35,TSLA,SELL,5,409.7600,USD,2048.80,14/11/2025 17:28:34,Pending,FILLED
27,TSLA,BUY,4,406.0601,USD,1624.24,14/11/2025 20:08:12,Pending,FILLED
28,TSLA,SELL,4,418.6900,USD,1674.76,17/11/2025 17:29:48,Pending,FILLED
29,TSLA,BUY,5,407.6000,USD,2038.00,17/11/2025 20:33:06,Pending,FILLED
28,TSLA,SELL,5,420.2900,USD,2101.45,20/11/2025 15:35:28,Pending,FILLED
29,NVDA,BUY,5,194.2400,USD,971.20,20/11/2025 16:06:17,Pending,FILLED
30,EGLN.L,SELL,90,71.0400,EUR,6393.60,01/12/2025 10:00:11,Pending,FILLED
31,AMD,SELL,6,220.7500,USD,1324.50,01/12/2025 19:55:42,Pending,FILLED
32,AMD,SELL,6,220.2400,USD,1321.44,01/12/2025 20:04:51,Pending,FILLED
33,NVDA,SELL,5,179.5950,USD,897.98,01/12/2025 20:05:21,Pending,FILLED
34,ARM,SELL,15,136.2020,USD,2043.03,01/12/2025 20:05:51,Pending,FILLED
35,ORCL,SELL,4,201.1800,USD,804.72,01/12/2025 20:06:21,Pending,FILLED
36,AMD,BUY,5,220.0600,USD,1100.30,01/12/2025 20:15:53,Pending,FILLED
37,ORCL,BUY,5,205.2400,USD,1026.20,02/12/2025 15:30:13,Pending,FILLED
38,ORCL,SELL,5,201.0500,USD,1005.25,02/12/2025 19:34:57,Pending,FILLED
39,AMD,SELL,5,215.8700,USD,1079.35,02/12/2025 19:35:45,Pending,FILLED
40,EGLN.L,BUY,74,70.1800,EUR,5193.32,03/12/2025 10:00:07,Pending,FILLED
41,GOOG,BUY,6,316.0700,USD,1896.42,03/12/2025 15:30:22,Pending,FILLED
42,INTC,BUY,25,43.5500,USD,1088.75,03/12/2025 15:30:52,Pending,FILLED
43,MU,BUY,4,233.2750,USD,933.10,03/12/2025 18:36:51,Pending,FILLED
44,AAPL,BUY,3,283.1842,USD,849.55,04/12/2025 15:35:13,Pending,FILLED
45,INTC,SELL,25,41.4900,USD,1037.25,04/12/2025 18:12:42,Pending,FILLED
46,QCOM,BUY,6,176.0800,USD,1056.48,05/12/2025 19:36:40,Pending,FILLED
47,MRNA,BUY,38,27.5261,USD,1045.99,05/12/2025 21:33:46,Pending,FILLED
48,MU,SELL,4,242.1500,USD,968.60,08/12/2025 18:03:53,Pending,FILLED
49,MU,BUY,3,246.9500,USD,740.85,09/12/2025 15:30:31,Pending,FILLED
50,AMZN,SELL,4,226.1600,USD,904.64,09/12/2025 15:31:19,Pending,FILLED
51,MU,SELL,3,259.8250,USD,779.48,10/12/2025 20:00:42,Pending,FILLED
52,QCOM,SELL,6,181.6000,USD,1089.60,10/12/2025 20:33:52,Pending,FILLED
53,MRNA,SELL,38,29.1050,USD,1105.99,10/12/2025 21:55:06,Pending,FILLED
51,ASML,BUY,3,1101.3101,USD,3303.93,11/12/2025 17:59:42,Pending,FILLED
52,MU,BUY,3,256.1212,USD,768.36,11/12/2025 18:00:12,Pending,FILLED
51,MU,SELL,3,243.8000,USD,731.40,12/12/2025 16:30:51,Pending,FILLED
52,MU,BUY,3,242.0950,USD,726.29,12/12/2025 21:20:12,Pending,FILLED
53,ASML,SELL,3,1044.0000,USD,3132.00,17/12/2025 16:07:27,Pending,FILLED
54,QCOM,BUY,6,176.4200,USD,1058.52,17/12/2025 16:08:15,Pending,FILLED
55,ARM,BUY,9,119.5101,USD,1075.59,17/12/2025 16:08:45,Pending,FILLED
56,ORCL,BUY,5,180.3500,USD,901.75,17/12/2025 16:09:15,Pending,FILLED
57,GOOG,SELL,6,300.1700,USD,1801.02,17/12/2025 16:35:37,Pending,FILLED
58,MU,SELL,3,229.7900,USD,689.37,17/12/2025 16:42:30,Pending,FILLED
59,TSLA,BUY,5,470.5800,USD,2352.90,17/12/2025 21:06:57,Pending,FILLED
60,EGLN.L,SELL,74,71.6300,EUR,5300.62,18/12/2025 10:00:14,Pending,FILLED
61,AAPL,SELL,3,269.2000,USD,807.60,18/12/2025 15:37:49,Pending,FILLED
62,TSLA,SELL,5,490.2100,USD,2451.05,18/12/2025 17:17:41,Pending,FILLED
63,ARM,SELL,9,113.7200,USD,1023.48,18/12/2025 18:14:14,Pending,FILLED
64,EGLN.L,BUY,72,71.7500,EUR,5166.00,19/12/2025 10:00:09,Pending,FILLED
65,TSLA,BUY,6,483.3950,USD,2900.37,19/12/2025 15:30:08,Pending,FILLED
66,ARM,BUY,9,114.3000,USD,1028.70,19/12/2025 15:30:38,Pending,FILLED
67,ORCL,SELL,5,192.2200,USD,961.10,19/12/2025 15:42:34,Pending,FILLED
68,MU,BUY,4,266.6650,USD,1066.66,19/12/2025 15:45:11,Pending,FILLED
69,EGLN.L,SELL,72,73.2000,EUR,5270.40,22/12/2025 17:12:58,Pending,FILLED
70,MU,SELL,4,275.2392,USD,1100.96,23/12/2025 16:38:48,Pending,FILLED
71,TSM,BUY,7,297.7100,USD,2083.97,24/12/2025 15:30:16,Pending,FILLED
72,MU,BUY,3,286.1073,USD,858.32,26/12/2025 16:46:49,Pending,FILLED
73,EGLN.L,BUY,55,73.4400,EUR,4039.20,29/12/2025 10:06:22,Pending,FILLED
74,TSLA,SELL,6,463.6200,USD,2781.72,29/12/2025 15:35:50,Pending,FILLED
75,TSM,SELL,7,306.5250,USD,2145.67,31/12/2025 16:04:25,Pending,FILLED
76,TSM,BUY,7,303.8650,USD,2127.05,02/01/2026 15:30:10,Pending,FILLED
77,MU,SELL,3,302.7100,USD,908.13,02/01/2026 15:33:23,Pending,FILLED
78,ESE.PA,SELL,183,29.7673,EUR,5447.42,05/01/2026 17:23:03,Pending,FILLED
79,TSM,SELL,7,327.5100,USD,2292.57,05/01/2026 17:23:33,Pending,FILLED
80,ARM,SELL,9,119.8600,USD,1078.74,05/01/2026 17:24:03,Pending,FILLED
81,MU,BUY,3,311.2850,USD,933.86,05/01/2026 18:32:57,Pending,FILLED
82,AAPL,BUY,4,262.7700,USD,1051.08,06/01/2026 19:40:14,Pending,FILLED
83,QCOM,SELL,6,182.5601,USD,1095.36,06/01/2026 19:40:44,Pending,FILLED
84,MU,SELL,3,335.7150,USD,1007.14,06/01/2026 19:41:14,Pending,FILLED
85,MRNA,BUY,31,35.2050,USD,1091.36,06/01/2026 19:41:44,Pending,FILLED
86,TSM,BUY,6,322.8650,USD,1937.19,07/01/2026 15:48:09,Pending,FILLED
87,QCOM,BUY,6,178.7900,USD,1072.74,07/01/2026 16:01:52,Pending,FILLED
88,ESE.PA,BUY,237,29.9812,EUR,7105.54,07/01/2026 16:38:06,Pending,FILLED
89,GOOG,BUY,4,322.4500,USD,1289.80,08/01/2026 15:30:18,Pending,FILLED
90,GOOG,BUY,3,326.6425,USD,979.93,08/01/2026 15:35:21,Pending,FILLED
91,GOOG,BUY,3,325.2400,USD,975.72,08/01/2026 15:40:25,Pending,FILLED
92,GOOG,BUY,4,323.7137,USD,1294.85,08/01/2026 15:45:46,Pending,FILLED
93,GOOG,BUY,4,322.8900,USD,1291.56,08/01/2026 15:51:07,Pending,FILLED
94,GOOG,BUY,4,323.8400,USD,1295.36,08/01/2026 15:56:10,Pending,FILLED
95,MU,BUY,3,330.6019,USD,991.81,08/01/2026 15:56:58,Pending,FILLED
96,MU,BUY,3,328.4215,USD,985.26,08/01/2026 16:02:01,Pending,FILLED
97,GOOG,BUY,4,324.0500,USD,1296.20,08/01/2026 16:06:30,Pending,FILLED
98,MU,BUY,3,329.9400,USD,989.82,08/01/2026 16:07:36,Pending,FILLED
99,GOOG,BUY,3,325.5800,USD,976.74,08/01/2026 16:11:45,Pending,FILLED
100,MU,BUY,3,330.0800,USD,990.24,08/01/2026 16:12:51,Pending,FILLED
101,GOOG,BUY,3,325.4850,USD,976.45,08/01/2026 16:16:59,Pending,FILLED
102,MU,BUY,3,329.4750,USD,988.43,08/01/2026 16:18:05,Pending,FILLED
103,GOOG,BUY,3,325.7100,USD,977.13,08/01/2026 16:22:11,Pending,FILLED
104,MU,BUY,3,328.6401,USD,985.92,08/01/2026 16:23:17,Pending,FILLED
105,GOOG,BUY,3,326.5200,USD,979.56,08/01/2026 16:27:26,Pending,FILLED
106,MU,BUY,3,327.0000,USD,981.00,08/01/2026 16:28:32,Pending,FILLED
107,GOOG,BUY,3,326.4900,USD,979.47,08/01/2026 16:32:41,Pending,FILLED
108,MU,BUY,3,325.9600,USD,977.88,08/01/2026 16:34:06,Pending,CANCELLED
109,GOOG,BUY,4,324.5899,USD,1298.36,08/01/2026 16:37:55,Pending,CANCELLED
110,MU,BUY,3,324.8100,USD,974.43,08/01/2026 16:39:38,Pending,CANCELLED
111,GOOG,BUY,3,325.7500,USD,977.25,08/01/2026 16:43:08,Pending,FILLED
112,MU,BUY,3,324.7100,USD,974.13,08/01/2026 16:45:10,Pending,REJECTED
113,GOOG,BUY,3,326.6350,USD,979.91,08/01/2026 16:48:22,Pending,CANCELLED
114,MU,BUY,3,323.8700,USD,971.61,08/01/2026 16:50:23,Pending,REJECTED
115,GOOG,BUY,3,327.0675,USD,981.20,08/01/2026 16:53:35,Pending,REJECTED
116,MU,BUY,3,322.1500,USD,966.45,08/01/2026 16:55:35,Pending,REJECTED
117,GOOG,BUY,3,327.8600,USD,983.58,08/01/2026 16:58:47,Pending,REJECTED
118,MU,BUY,3,324.8100,USD,974.43,08/01/2026 17:00:47,Pending,REJECTED
119,GOOG,BUY,3,328.2800,USD,984.84,08/01/2026 17:04:18,Pending,REJECTED
120,MU,BUY,3,323.2079,USD,969.62,08/01/2026 17:06:23,Pending,REJECTED
121,GOOG,BUY,3,327.9600,USD,983.88,08/01/2026 17:09:35,Pending,REJECTED
122,GOOG,BUY,3,327.5200,USD,982.56,08/01/2026 18:59:47,Pending,REJECTED
123,MU,BUY,3,327.9300,USD,983.79,08/01/2026 19:00:17,Pending,REJECTED
124,GOOG,BUY,3,327.1600,USD,981.48,08/01/2026 19:05:02,Pending,REJECTED
125,MU,BUY,3,326.6499,USD,979.95,08/01/2026 19:05:32,Pending,REJECTED
126,GOOG,BUY,3,326.2835,USD,978.85,08/01/2026 19:10:03,Pending,REJECTED
127,MU,BUY,3,327.4195,USD,982.26,08/01/2026 19:10:34,Pending,REJECTED
128,GOOG,BUY,3,326.4700,USD,979.41,08/01/2026 19:15:18,Pending,REJECTED
129,MU,BUY,3,327.6300,USD,982.89,08/01/2026 19:16:06,Pending,REJECTED
130,GOOG,BUY,3,327.0900,USD,981.27,08/01/2026 19:20:30,Pending,REJECTED
131,MU,BUY,3,327.8200,USD,983.46,08/01/2026 19:21:19,Pending,REJECTED
132,GOOG,BUY,3,327.0300,USD,981.09,08/01/2026 19:25:43,Pending,REJECTED
133,MU,BUY,3,327.6499,USD,982.95,08/01/2026 19:26:31,Pending,CANCELLED
134,GOOG,BUY,3,326.6600,USD,979.98,08/01/2026 19:30:59,Pending,Score:10 | Drop:1.2% | RSI:67 | Vol:13.4M | [MOMENTUM] Score:10 RSI:67 (Breakout Volume/MACD)
135,MU,BUY,3,327.6900,USD,983.07,08/01/2026 19:31:48,Pending,Score:10 | Drop:5.4% | RSI:68 | Vol:23.5M | [MOMENTUM] Score:10 RSI:68 (Breakout Volume/MACD)
136,GOOG,BUY,3,326.8400,USD,980.52,08/01/2026 19:36:13,Pending,Score:10 | Drop:1.1% | RSI:67 | Vol:13.5M | [MOMENTUM] Score:10 RSI:67 (Breakout Volume/MACD)
137,MU,BUY,3,327.7600,USD,983.28,08/01/2026 19:37:01,Pending,REJECTED
138,GOOG,BUY,3,326.4903,USD,979.47,08/01/2026 19:41:47,Pending,CANCELLED
139,MU,BUY,3,327.7500,USD,983.25,08/01/2026 19:42:17,Pending,CANCELLED
140,GOOG,BUY,3,326.6700,USD,980.01,08/01/2026 19:47:00,Pending,CANCELLED
141,MU,BUY,3,327.7877,USD,983.36,08/01/2026 19:47:30,Pending,CANCELLED
142,GOOG,BUY,3,326.3500,USD,979.05,08/01/2026 19:52:15,Pending,CANCELLED
143,MU,BUY,3,327.1800,USD,981.54,08/01/2026 19:53:03,Pending,CANCELLED
144,GOOG,BUY,3,326.1300,USD,978.39,08/01/2026 19:57:28,Pending,CANCELLED
145,MU,BUY,3,326.9100,USD,980.73,08/01/2026 19:58:16,Pending,CANCELLED
146,GOOG,BUY,3,326.3500,USD,979.05,08/01/2026 20:02:46,Pending,CANCELLED
147,MU,BUY,3,327.6550,USD,982.96,08/01/2026 20:03:16,Pending,CANCELLED
148,GOOG,BUY,3,326.2700,USD,978.81,08/01/2026 20:08:04,Pending,CANCELLED
149,MU,BUY,3,326.6950,USD,980.09,08/01/2026 20:08:52,Pending,CANCELLED
150,GOOG,BUY,3,326.1200,USD,978.36,08/01/2026 20:13:17,Pending,CANCELLED
151,MU,BUY,3,324.9050,USD,974.71,08/01/2026 20:14:23,Pending,CANCELLED
152,GOOG,BUY,3,326.0750,USD,978.23,08/01/2026 20:18:17,Pending,CANCELLED
153,MU,BUY,3,324.3900,USD,973.17,08/01/2026 20:19:41,Pending,CANCELLED
154,GOOG,BUY,3,326.1750,USD,978.52,08/01/2026 20:23:32,Pending,CANCELLED
155,MU,BUY,3,324.7400,USD,974.22,08/01/2026 20:25:14,Pending,CANCELLED
156,GOOG,BUY,3,326.1450,USD,978.43,08/01/2026 20:28:46,Pending,CANCELLED
157,MU,BUY,3,326.3040,USD,978.91,08/01/2026 20:30:50,Pending,CANCELLED
158,GOOG,BUY,3,326.0000,USD,978.00,08/01/2026 20:34:02,Pending,CANCELLED
159,MU,BUY,3,326.2350,USD,978.70,08/01/2026 20:36:02,Pending,CANCELLED
160,GOOG,BUY,3,325.3600,USD,976.08,08/01/2026 20:39:33,Pending,CANCELLED
161,MU,BUY,3,326.4350,USD,979.30,08/01/2026 20:41:33,Pending,CANCELLED
162,GOOG,BUY,3,325.3800,USD,976.14,08/01/2026 20:44:45,Pending,Score:10 | Drop:1.6% | RSI:66 | Vol:15.1M | [MOMENTUM] Score:10 RSI:66 (Breakout Volume/MACD)
163,MU,BUY,3,326.5300,USD,979.59,08/01/2026 20:46:49,Pending,Score:10 | Drop:5.7% | RSI:68 | Vol:26.5M | [MOMENTUM] Score:10 RSI:68 (Breakout Volume/MACD)
164,GOOG,BUY,3,325.1850,USD,975.55,08/01/2026 20:50:01,Pending,Score:10 | Drop:1.6% | RSI:66 | Vol:15.2M | [MOMENTUM] Score:10 RSI:66 (Breakout Volume/MACD)
165,MU,BUY,3,327.5250,USD,982.57,08/01/2026 20:52:23,Pending,Score:10 | Drop:5.4% | RSI:68 | Vol:26.7M | [MOMENTUM] Score:10 RSI:68 (Breakout Volume/MACD)
166,GOOG,BUY,3,324.9800,USD,974.94,08/01/2026 20:55:17,Pending,Score:10 | Drop:1.7% | RSI:66 | Vol:15.3M | [MOMENTUM] Score:10 RSI:66 (Breakout Volume/MACD)
167,MU,BUY,3,326.6700,USD,980.01,08/01/2026 20:57:35,Pending,Score:10 | Drop:5.7% | RSI:68 | Vol:26.8M | [MOMENTUM] Score:10 RSI:68 (Breakout Volume/MACD)
168,GOOG,BUY,3,325.2600,USD,975.78,08/01/2026 21:00:52,Pending,Score:10 | Drop:1.6% | RSI:66 | Vol:15.5M | [MOMENTUM] Score:10 RSI:66 (Breakout Volume/MACD)
169,MU,BUY,3,326.4900,USD,979.47,08/01/2026 21:02:56,Pending,Score:10 | Drop:5.7% | RSI:68 | Vol:27.0M | [MOMENTUM] Score:10 RSI:68 (Breakout Volume/MACD)
170,GOOG,BUY,3,324.9480,USD,974.84,08/01/2026 21:06:26,Pending,Score:10 | Drop:1.7% | RSI:66 | Vol:15.5M | [MOMENTUM] Score:10 RSI:66 (Breakout Volume/MACD)
171,MU,BUY,3,326.1000,USD,978.30,08/01/2026 21:08:27,Pending,Score:10 | Drop:5.8% | RSI:68 | Vol:27.2M | [MOMENTUM] Score:10 RSI:68 (Breakout Volume/MACD)
172,GOOG,BUY,3,325.3950,USD,976.18,08/01/2026 21:11:40,Pending,Score:10 | Drop:1.6% | RSI:66 | Vol:15.7M | [MOMENTUM] Score:10 RSI:66 (Breakout Volume/MACD)
173,MU,BUY,3,326.1100,USD,978.33,08/01/2026 21:13:58,Pending,Score:10 | Drop:5.8% | RSI:68 | Vol:27.4M | [MOMENTUM] Score:10 RSI:68 (Breakout Volume/MACD)
174,GOOG,BUY,3,325.5600,USD,976.68,08/01/2026 21:16:52,Pending,Score:10 | Drop:1.5% | RSI:66 | Vol:15.9M | [MOMENTUM] Score:10 RSI:66 (Breakout Volume/MACD)
175,MU,BUY,3,325.8600,USD,977.58,08/01/2026 21:19:13,Pending,Score:10 | Drop:5.9% | RSI:68 | Vol:27.5M | [MOMENTUM] Score:10 RSI:68 (Breakout Volume/MACD)
176,GOOG,BUY,3,325.5699,USD,976.71,08/01/2026 21:22:08,Pending,Score:10 | Drop:1.5% | RSI:66 | Vol:16.0M | [MOMENTUM] Score:10 RSI:66 (Breakout Volume/MACD)
177,MU,BUY,3,325.6900,USD,977.07,08/01/2026 21:24:26,Pending,Score:10 | Drop:6.0% | RSI:67 | Vol:27.7M | [MOMENTUM] Score:10 RSI:67 (Breakout Volume/MACD)
178,GOOG,BUY,3,325.9350,USD,977.80,08/01/2026 21:27:20,Pending,Score:10 | Drop:1.4% | RSI:66 | Vol:16.2M | [MOMENTUM] Score:10 RSI:66 (Breakout Volume/MACD)
179,MU,BUY,3,326.0150,USD,978.05,08/01/2026 21:29:40,Pending,Score:10 | Drop:5.9% | RSI:67 | Vol:27.9M | [MOMENTUM] Score:10 RSI:67 (Breakout Volume/MACD)
180,GOOG,BUY,3,325.5950,USD,976.79,08/01/2026 21:32:34,Pending,Score:10 | Drop:1.5% | RSI:66 | Vol:16.3M | [MOMENTUM] Score:10 RSI:66 (Breakout Volume/MACD)
181,MU,BUY,3,326.6200,USD,979.86,08/01/2026 21:34:54,Pending,Score:10 | Drop:5.7% | RSI:68 | Vol:28.2M | [MOMENTUM] Score:10 RSI:68 (Breakout Volume/MACD)
182,GOOG,BUY,3,325.6950,USD,977.09,08/01/2026 21:37:48,Pending,Score:10 | Drop:1.5% | RSI:66 | Vol:16.5M | [MOMENTUM] Score:10 RSI:66 (Breakout Volume/MACD)
183,MU,BUY,3,327.2150,USD,981.64,08/01/2026 21:40:06,Pending,Score:10 | Drop:5.5% | RSI:68 | Vol:28.4M | [MOMENTUM] Score:10 RSI:68 (Breakout Volume/MACD)
184,GOOG,BUY,3,325.7300,USD,977.19,08/01/2026 21:43:00,Pending,Score:10 | Drop:1.5% | RSI:66 | Vol:16.6M | [MOMENTUM] Score:10 RSI:66 (Breakout Volume/MACD)
185,MU,BUY,3,326.8800,USD,980.64,08/01/2026 21:45:18,Pending,Score:10 | Drop:5.6% | RSI:68 | Vol:28.6M | [MOMENTUM] Score:10 RSI:68 (Breakout Volume/MACD)
186,GOOG,BUY,3,326.0800,USD,978.24,08/01/2026 21:48:13,Pending,Score:10 | Drop:1.3% | RSI:66 | Vol:16.9M | [MOMENTUM] Score:10 RSI:66 (Breakout Volume/MACD)
187,MU,BUY,3,326.9750,USD,980.93,08/01/2026 21:50:33,Pending,Score:10 | Drop:5.6% | RSI:68 | Vol:28.9M | [MOMENTUM] Score:10 RSI:68 (Breakout Volume/MACD)
188,GOOG,BUY,3,325.9470,USD,977.84,08/01/2026 21:53:27,Pending,Score:10 | Drop:1.4% | RSI:66 | Vol:17.1M | [MOMENTUM] Score:10 RSI:66 (Breakout Volume/MACD)
189,MU,BUY,3,326.2800,USD,978.84,08/01/2026 21:55:47,Pending,Score:10 | Drop:5.8% | RSI:68 | Vol:29.2M | [MOMENTUM] Score:10 RSI:68 (Breakout Volume/MACD)
190,GOOG,BUY,3,325.9500,USD,977.85,08/01/2026 21:58:41,Pending,Score:10 | Drop:1.4% | RSI:66 | Vol:17.6M | [MOMENTUM] Score:10 RSI:66 (Breakout Volume/MACD)
89,GOOG,BUY,3,329.9700,USD,989.91,09/01/2026 18:44:53,Pending,FILLED
90,EGLN.L,SELL,55,76.3200,EUR,4197.60,12/01/2026 10:28:01,Pending,FILLED
91,ORCL,BUY,5,204.7050,USD,1023.53,13/01/2026 15:30:19,Pending,FILLED
92,MU,BUY,3,348.1900,USD,1044.57,13/01/2026 15:30:49,Pending,FILLED
93,TSM,SELL,6,332.7400,USD,1996.44,13/01/2026 15:31:37,Pending,FILLED
94,ARM,BUY,10,109.0601,USD,1090.60,13/01/2026 15:32:07,Pending,FILLED
95,GOOG,SELL,3,341.0750,USD,1023.23,13/01/2026 15:42:50,Pending,FILLED
96,NVDA,BUY,6,184.3500,USD,1106.10,13/01/2026 15:50:14,Pending,FILLED
97,AMD,BUY,5,219.8054,USD,1099.03,13/01/2026 18:58:21,Pending,FILLED
98,MRNA,SELL,31,38.5550,USD,1195.21,13/01/2026 18:58:51,Pending,FILLED
99,TSLA,BUY,7,446.7400,USD,3127.18,13/01/2026 18:59:39,Pending,FILLED
91,AMZN,BUY,3,239.6100,USD,718.83,14/01/2026 15:33:09,Pending,FILLED
92,ARM,SELL,10,103.0300,USD,1030.30,14/01/2026 15:44:13,Pending,FILLED
93,AMD,SELL,5,229.0700,USD,1145.35,15/01/2026 15:31:03,Pending,FILLED
94,GOOG,BUY,6,333.8420,USD,2003.05,15/01/2026 15:35:30,Pending,FILLED
93,AAPL,SELL,4,252.5700,USD,1010.28,20/01/2026 15:30:55,Pending,FILLED
94,TSM,BUY,4,341.1600,USD,1364.64,20/01/2026 15:31:25,Pending,FILLED
95,MU,SELL,3,368.2100,USD,1104.63,20/01/2026 15:31:55,Pending,FILLED
96,MRNA,BUY,26,41.5700,USD,1080.82,20/01/2026 15:32:25,Pending,FILLED
97,TSLA,SELL,7,425.7700,USD,2980.39,20/01/2026 15:33:13,Pending,FILLED
98,ARM,BUY,10,106.8000,USD,1068.00,20/01/2026 15:33:43,Pending,FILLED
99,GOOG,SELL,6,322.1600,USD,1932.96,20/01/2026 15:39:40,Pending,FILLED
100,AAPL,BUY,4,246.9000,USD,987.60,21/01/2026 15:34:20,Pending,FILLED
101,ARM,SELL,10,114.7500,USD,1147.50,21/01/2026 15:34:50,Pending,FILLED
102,AMZN,SELL,3,229.5800,USD,688.74,21/01/2026 15:35:39,Pending,FILLED
103,MRNA,SELL,26,44.2650,USD,1150.89,21/01/2026 15:36:09,Pending,FILLED
104,TSM,SELL,4,328.5600,USD,1314.24,21/01/2026 15:38:31,Pending,FILLED
105,MSFT,BUY,4,450.2900,USD,1801.16,21/01/2026 16:32:21,Pending,FILLED
106,EGLN.L,BUY,27,81.3700,EUR,2196.99,23/01/2026 12:42:55,Pending,FILLED
107,MSFT,SELL,4,461.3391,USD,1845.36,23/01/2026 16:09:26,Pending,FILLED
108,ARM,BUY,9,116.6399,USD,1049.76,23/01/2026 16:09:56,Pending,CANCELLED
109,INTC,BUY,20,45.6842,USD,913.68,23/01/2026 16:10:26,Pending,CANCELLED
110,ASML,SELL,2,1382.8199,USD,2765.64,23/01/2026 16:20:33,Pending,CANCELLED
106,AAPL,SELL,4,253.2500,USD,1013.00,26/01/2026 16:03:32,Pending,FILLED
106,AMD,BUY,9,251.3200,USD,2261.88,27/01/2026 15:30:11,Pending,FILLED
107,TSM,BUY,4,340.5500,USD,1362.20,27/01/2026 17:17:59,Pending,FILLED
108,NVDA,BUY,5,215.2500,USD,1076.25,25/05/2026 17:23:42,Pending,CANCELLED
109,AMZN,BUY,8,266.3000,USD,2130.40,25/05/2026 17:24:12,Pending,CANCELLED
110,ABT,BUY,12,87.4100,USD,1048.92,25/05/2026 17:24:42,Pending,CANCELLED
111,HO.PA,BUY,4,232.4000,EUR,929.60,25/05/2026 17:25:12,Pending,FILLED
112,ASML,BUY,2,1632.2500,USD,3264.50,25/05/2026 17:26:00,Pending,REJECTED
113,NVDA,BUY,5,215.2500,USD,1076.25,25/05/2026 17:28:54,Pending,CANCELLED
114,AMZN,BUY,8,266.3000,USD,2130.40,25/05/2026 17:29:24,Pending,REJECTED
115,ABT,BUY,12,87.4100,USD,1048.92,25/05/2026 17:29:54,Pending,REJECTED
116,TSM,BUY,5,404.3400,USD,2021.70,25/05/2026 17:30:42,Pending,REJECTED
117,MSFT,BUY,5,418.5800,USD,2092.90,25/05/2026 17:31:12,Pending,REJECTED
118,ASML,BUY,2,1632.2500,USD,3264.50,25/05/2026 17:31:42,Pending,REJECTED
119,NVDA,BUY,5,215.2500,USD,1076.25,25/05/2026 17:34:01,Pending,REJECTED
120,AMZN,BUY,8,266.3000,USD,2130.40,25/05/2026 17:34:31,Pending,REJECTED
121,ABT,BUY,12,87.4100,USD,1048.92,25/05/2026 17:35:01,Pending,REJECTED
122,TSM,BUY,5,404.3400,USD,2021.70,25/05/2026 17:35:49,Pending,REJECTED
123,ASML,BUY,2,1632.2500,USD,3264.50,25/05/2026 17:36:55,Pending,REJECTED
124,NVDA,BUY,5,215.2500,USD,1076.25,25/05/2026 17:39:13,Pending,REJECTED
125,AMZN,BUY,8,266.3000,USD,2130.40,25/05/2026 17:39:43,Pending,REJECTED
126,ABT,BUY,12,87.4100,USD,1048.92,25/05/2026 17:40:13,Pending,REJECTED
127,ASML,BUY,2,1632.2500,USD,3264.50,25/05/2026 17:41:55,Pending,REJECTED
128,NVDA,BUY,5,215.2500,USD,1076.25,25/05/2026 17:44:13,Pending,REJECTED
129,AMZN,BUY,8,266.3000,USD,2130.40,25/05/2026 17:44:43,Pending,REJECTED
130,ABT,BUY,12,87.4100,USD,1048.92,25/05/2026 17:45:13,Pending,REJECTED
131,ASML,BUY,2,1632.2500,USD,3264.50,25/05/2026 17:46:55,Pending,REJECTED
132,NVDA,BUY,5,215.2500,USD,1076.25,25/05/2026 17:49:13,Pending,REJECTED
133,AMZN,BUY,8,266.3000,USD,2130.40,25/05/2026 17:49:43,Pending,CANCELLED
134,NVDA,BUY,5,215.2500,USD,1076.25,25/05/2026 17:52:33,Pending,Score:9 | Drop:13.2% | RSI:72 | Vol:30.3M | [MOMENTUM] Base:3 Strong-Upside [Bank Target: +3 (20%+ Upside vs 280.0)] (Momentum Entry)
135,AMZN,BUY,8,266.3000,USD,2130.40,25/05/2026 17:53:03,Pending,Score:9 | Drop:34.2% | RSI:57 | Vol:13.3M | [MOMENTUM] Base:3 Strong-Upside [Bank Target: +3 (20%+ Upside vs 333.0)] (Momentum Entry)
136,ABT,BUY,12,87.4100,USD,1048.92,25/05/2026 17:53:33,Pending,Score:8 | Drop:2.2% | RSI:42 | Vol:9.5M | [MOMENTUM] Base:3 Strong-Upside [Bank Target: +3 (20%+ Upside vs 137.0)] (Momentum Entry)
137,MSFT,BUY,5,418.5800,USD,2092.90,25/05/2026 17:56:43,Pending,REJECTED
138,NVDA,BUY,5,215.2500,USD,1076.25,25/05/2026 17:57:13,Pending,CANCELLED
139,AMZN,BUY,8,266.3000,USD,2130.40,25/05/2026 17:57:43,Pending,CANCELLED
140,ASML,BUY,2,1632.2500,USD,3264.50,25/05/2026 17:58:13,Pending,CANCELLED
141,ABT,BUY,12,87.4100,USD,1048.92,25/05/2026 17:58:43,Pending,CANCELLED
142,NVDA,BUY,5,215.2500,USD,1076.25,25/05/2026 18:02:14,Pending,CANCELLED
143,AMZN,BUY,8,266.3000,USD,2130.40,25/05/2026 18:02:44,Pending,CANCELLED
144,ABT,BUY,12,87.4100,USD,1048.92,25/05/2026 18:03:50,Pending,CANCELLED
145,NVDA,BUY,5,215.2500,USD,1076.25,25/05/2026 18:06:24,Pending,CANCELLED
146,AMZN,BUY,8,266.3000,USD,2130.40,25/05/2026 18:06:54,Pending,CANCELLED
147,ASML,BUY,2,1632.2500,USD,3264.50,25/05/2026 18:07:24,Pending,CANCELLED
148,ABT,BUY,12,87.4100,USD,1048.92,25/05/2026 18:07:54,Pending,CANCELLED
149,MSFT,BUY,5,418.5800,USD,2092.90,25/05/2026 18:08:42,Pending,CANCELLED
150,NVDA,BUY,5,215.2500,USD,1076.25,25/05/2026 18:10:08,Pending,CANCELLED
151,AMZN,BUY,8,266.3000,USD,2130.40,25/05/2026 18:10:38,Pending,CANCELLED
152,ASML,BUY,2,1632.2500,USD,3264.50,25/05/2026 18:11:08,Pending,CANCELLED
153,ABT,BUY,12,87.4100,USD,1048.92,25/05/2026 18:11:38,Pending,CANCELLED
154,MSFT,BUY,5,418.5800,USD,2092.90,25/05/2026 18:12:26,Pending,CANCELLED
155,ASML,BUY,2,1632.2500,USD,3264.50,25/05/2026 18:17:57,Pending,CANCELLED
156,NVDA,BUY,5,215.2500,USD,1076.25,25/05/2026 18:23:30,Pending,CANCELLED
157,AMZN,BUY,8,266.3000,USD,2130.40,25/05/2026 18:24:00,Pending,CANCELLED
158,ASML,BUY,2,1632.2500,USD,3264.50,25/05/2026 18:25:06,Pending,CANCELLED
159,ABT,BUY,12,87.4100,USD,1048.92,25/05/2026 18:25:40,Pending,CANCELLED
160,MSFT,BUY,5,418.5800,USD,2092.90,25/05/2026 18:28:34,Pending,CANCELLED
161,TSM,BUY,5,404.3400,USD,2021.70,25/05/2026 18:36:12,Pending,CANCELLED
